<?xml version="1.0"?>
<metadata xml:lang="en"><Esri><CreaDate>20251203</CreaDate><CreaTime>12081000</CreaTime><ArcGISFormat>1.0</ArcGISFormat><SyncOnce>FALSE</SyncOnce><DataProperties><itemProps><itemName Sync="TRUE">EDGE_GEOCODE_PUBLICLEA_2425</itemName><imsContentType Sync="TRUE" export="False">002</imsContentType><itemSize Sync="TRUE">0.000</itemSize><itemLocation><linkage Sync="TRUE">file://\\ECON003APP\G\GEOCODE\ASSIGN_2425\CCD_1A\DATA\FINAL\EDGE_GEOCODE_PUBLICLEA_2425.shp</linkage><protocol Sync="TRUE">Local Area Network</protocol></itemLocation></itemProps><coordRef><type Sync="TRUE">Geographic</type><geogcsn Sync="TRUE">GCS_WGS_1984</geogcsn><csUnits Sync="TRUE">Angular Unit: Degree (0.017453)</csUnits><peXml Sync="TRUE">&lt;GeographicCoordinateSystem xsi:type='typens:GeographicCoordinateSystem' xmlns:xsi='http://www.w3.org/2001/XMLSchema-instance' xmlns:xs='http://www.w3.org/2001/XMLSchema' xmlns:typens='http://www.esri.com/schemas/ArcGIS/3.3.0'&gt;&lt;WKT&gt;GEOGCS[&amp;quot;GCS_WGS_1984&amp;quot;,DATUM[&amp;quot;D_WGS_1984&amp;quot;,SPHEROID[&amp;quot;WGS_1984&amp;quot;,6378137.0,298.257223563]],PRIMEM[&amp;quot;Greenwich&amp;quot;,0.0],UNIT[&amp;quot;Degree&amp;quot;,0.0174532925199433],AUTHORITY[&amp;quot;EPSG&amp;quot;,4326]]&lt;/WKT&gt;&lt;XOrigin&gt;-400&lt;/XOrigin&gt;&lt;YOrigin&gt;-400&lt;/YOrigin&gt;&lt;XYScale&gt;11258999068426.238&lt;/XYScale&gt;&lt;ZOrigin&gt;-100000&lt;/ZOrigin&gt;&lt;ZScale&gt;10000&lt;/ZScale&gt;&lt;MOrigin&gt;-100000&lt;/MOrigin&gt;&lt;MScale&gt;10000&lt;/MScale&gt;&lt;XYTolerance&gt;8.983152841195215e-09&lt;/XYTolerance&gt;&lt;ZTolerance&gt;0.001&lt;/ZTolerance&gt;&lt;MTolerance&gt;0.001&lt;/MTolerance&gt;&lt;HighPrecision&gt;true&lt;/HighPrecision&gt;&lt;LeftLongitude&gt;-180&lt;/LeftLongitude&gt;&lt;WKID&gt;4326&lt;/WKID&gt;&lt;LatestWKID&gt;4326&lt;/LatestWKID&gt;&lt;/GeographicCoordinateSystem&gt;</peXml></coordRef></DataProperties><SyncDate>20251203</SyncDate><SyncTime>12081000</SyncTime><ModDate>20251203</ModDate><ModTime>13385300</ModTime><scaleRange><minScale>150000000</minScale><maxScale>5000</maxScale></scaleRange><ArcGISProfile>FGDC</ArcGISProfile></Esri><dataIdInfo><envirDesc Sync="TRUE">Microsoft Windows Server 2016 Technical Preview Version 10.0 (Build 14393) ; Esri ArcGIS 13.3.0.52636</envirDesc><dataLang><languageCode value="eng" Sync="TRUE"/><countryCode value="USA" Sync="TRUE"/></dataLang><idCitation xmlns=""><resTitle Sync="TRUE">EDGE_GEOCODE_PUBLICLEA_2425</resTitle><presForm xmlns=""><PresFormCd value="005" Sync="TRUE"/></presForm><date><pubDate>2026-01-01T00:00:00</pubDate></date><citRespParty xmlns=""><rpIndName>Chris Greene</rpIndName><rpOrgName>National Center for Education Statistics</rpOrgName><rpPosName>Administrative Data Division</rpPosName><role><RoleCd value="006"/></role><rpCntInfo xmlns=""><cntAddress addressType="postal"><delPoint>550 12th St SW, #4038</delPoint><city>Washington</city><adminArea>DC</adminArea><postCode>20202</postCode><eMailAdd>chris.greene@ed.gov</eMailAdd><country>US</country></cntAddress><cntPhone><voiceNum tddtty="">202-453-5926</voiceNum></cntPhone></rpCntInfo></citRespParty></idCitation><spatRpType><SpatRepTypCd value="001" Sync="TRUE"/></spatRpType><idPurp>The National Center for Education Statistics' (NCES) Education Demographic and Geographic Estimate (EDGE) program develops annually updated point locations (latitude and longitude) for public elementary, secondary, and unified school district administrative offices included in the NCES Common Core of Data (CCD). The CCD is an annual collection of basic administrative characteristics that includes the physical address for all public schools, school districts, and state education agencies in the United States. The NCES EDGE program collaborates with the U.S. Census Bureau’s Education Demographic, Geographic, and Economic Statistics (EDGE) Branch to develop point locations for schools and school district administrative offices based on these addresses. The point locations in this data layer were developed from the 2024-2025 CCD collection. For more information about NCES school point data, see: https://nces.ed.gov/programs/edge/Geographic/SchoolLocations. 

All information contained in this file is in the public domain. Data users are advised to review NCES program documentation and feature class metadata to understand the limitations and appropriate use of these data.</idPurp><idAbs>&lt;DIV STYLE="text-align:Left;"&gt;&lt;DIV&gt;&lt;DIV&gt;&lt;P&gt;&lt;SPAN&gt;NCES EDGE&lt;/SPAN&gt;&lt;/P&gt;&lt;/DIV&gt;&lt;/DIV&gt;&lt;/DIV&gt;</idAbs><idCredit>NCES EDGE</idCredit><searchKeys><keyword>Common Core of Data</keyword><keyword>CCD</keyword><keyword>Public School Districts</keyword><keyword>Local Education Agencies</keyword><keyword>National Center for Education Statistics</keyword><keyword>NCES</keyword><keyword>Public School District Office Locations</keyword><keyword>U.S. Census Bureau</keyword><keyword>Education Demographic and Geographic Estimates Program</keyword><keyword>EDGE</keyword><keyword>Points</keyword><keyword>United States</keyword></searchKeys><dataExt xmlns=""><geoEle xmlns=""><GeoBndBox esriExtentType="search"><westBL>-170.682766 </westBL><eastBL>145.751235</eastBL><northBL>71.291244</northBL><southBL>-14.278038</southBL><exTypeCode>1</exTypeCode></GeoBndBox></geoEle><exDesc>2024-2025 school year</exDesc><tempEle><TempExtent><exTemp><TM_Period xmlns=""><tmBegin>2024-07-15T00:00:00</tmBegin><tmEnd>2025-07-15T00:00:00</tmEnd></TM_Period></exTemp></TempExtent></tempEle></dataExt><dataChar><CharSetCd value="004"/></dataChar><idStatus><ProgCd value="004"/></idStatus><resConst><Consts xmlns=""><useLimit>&lt;DIV STYLE="text-align:Left;"&gt;&lt;DIV&gt;&lt;DIV&gt;&lt;P&gt;&lt;SPAN&gt;https://www.usa.gov/publicdomain/label/1.0/&lt;/SPAN&gt;&lt;/P&gt;&lt;/DIV&gt;&lt;/DIV&gt;&lt;/DIV&gt;</useLimit></Consts></resConst><idPoC xmlns=""><rpIndName>Chris Greene</rpIndName><rpOrgName>National Center for Education Statistics</rpOrgName><rpPosName>Administrative Data Division</rpPosName><role><RoleCd value="006"/></role><rpCntInfo xmlns=""><cntAddress addressType="postal"><delPoint>550 12th St SW, #4038</delPoint><city>Washington</city><adminArea>DC</adminArea><postCode>20202</postCode><eMailAdd>chris.greene@ed.gov</eMailAdd><country>US</country></cntAddress><cntPhone><voiceNum tddtty="">202-453-5926</voiceNum></cntPhone></rpCntInfo><displayName>Chris Greene</displayName></idPoC><resMaint xmlns=""><maintFreq><MaintFreqCd value="008"/></maintFreq></resMaint></dataIdInfo><mdLang><languageCode value="eng" Sync="TRUE"/><countryCode value="USA" Sync="TRUE"/></mdLang><mdChar><CharSetCd value="004" Sync="TRUE"/></mdChar><distInfo xmlns=""><distFormat xmlns=""><formatName Sync="TRUE">Shapefile</formatName></distFormat><distTranOps xmlns=""><transSize Sync="TRUE">0.000</transSize></distTranOps></distInfo><mdHrLv><ScopeCd value="005" Sync="TRUE"/></mdHrLv><mdHrLvName Sync="TRUE">dataset</mdHrLvName><refSysInfo><RefSystem><refSysID><identCode code="4326" Sync="TRUE"/><idCodeSpace Sync="TRUE">EPSG</idCodeSpace><idVersion Sync="TRUE">6.2(3.0.1)</idVersion></refSysID></RefSystem></refSysInfo><spatRepInfo><VectSpatRep xmlns=""><geometObjs Name="EDGE_GEOCODE_PUBLICLEA_2425"><geoObjTyp><GeoObjTypCd value="004" Sync="TRUE"/></geoObjTyp><geoObjCnt Sync="TRUE">19636</geoObjCnt></geometObjs><topLvl><TopoLevCd value="001" Sync="TRUE"/></topLvl></VectSpatRep></spatRepInfo><spdoinfo><ptvctinf><esriterm Name="EDGE_GEOCODE_PUBLICLEA_2425"><efeatyp Sync="TRUE">Simple</efeatyp><efeageom code="1" Sync="TRUE"/><esritopo Sync="TRUE">FALSE</esritopo><efeacnt Sync="TRUE">0</efeacnt><spindex Sync="TRUE">FALSE</spindex><linrefer Sync="TRUE">FALSE</linrefer></esriterm></ptvctinf></spdoinfo><eainfo><detailed Name="EDGE_GEOCODE_PUBLICLEA_2425" xmlns=""><enttyp><enttypl Sync="TRUE">EDGE_GEOCODE_PUBLICLEA_2425</enttypl><enttypt Sync="TRUE">Feature Class</enttypt><enttypc Sync="FALSE">19,636</enttypc><enttypd>Public elementary, secondary, and unified school district offices for the 2024-2025 school year</enttypd><enttypds>NCES Common Core of Data</enttypds></enttyp><attr xmlns=""><attrlabl Sync="TRUE">FID</attrlabl><attalias Sync="TRUE">FID</attalias><attrtype Sync="TRUE">OID</attrtype><attwidth Sync="TRUE">4</attwidth><atprecis Sync="TRUE">0</atprecis><attscale Sync="TRUE">0</attscale><attrdef Sync="TRUE">Internal feature number.</attrdef><attrdefs Sync="TRUE">Esri</attrdefs><attrdomv><udom Sync="TRUE">Sequential unique whole numbers that are automatically generated.</udom></attrdomv></attr><attr xmlns=""><attrlabl Sync="TRUE">Shape</attrlabl><attalias Sync="TRUE">Shape</attalias><attrtype Sync="TRUE">Geometry</attrtype><attwidth Sync="TRUE">0</attwidth><atprecis Sync="TRUE">0</atprecis><attscale Sync="TRUE">0</attscale><attrdef Sync="TRUE">Feature geometry.</attrdef><attrdefs Sync="TRUE">Esri</attrdefs><attrdomv><udom Sync="TRUE">Coordinates defining the features.</udom></attrdomv></attr><attr xmlns=""><attrlabl Sync="TRUE">LEAID</attrlabl><attalias Sync="TRUE">LEAID</attalias><attrtype Sync="TRUE">String</attrtype><attwidth Sync="TRUE">7</attwidth><atprecis Sync="TRUE">0</atprecis><attscale Sync="TRUE">0</attscale><attrdef>School district identification number</attrdef><attrdefs>National Center for Education Statistics</attrdefs><attrdomv><udom>These IDs are 7 digit numbers assigned by the National Center for Education Statistics.</udom></attrdomv></attr><attr xmlns=""><attrlabl Sync="TRUE">NAME</attrlabl><attalias Sync="TRUE">NAME</attalias><attrtype Sync="TRUE">String</attrtype><attwidth Sync="TRUE">60</attwidth><atprecis Sync="TRUE">0</atprecis><attscale Sync="TRUE">0</attscale><attrdef>Local Education Agency name</attrdef><attrdefs>Local Education Agency</attrdefs><attrdomv><udom>This data is represented as reported in the Common Core of Data, and as such does not necessarily fall into any particular specified domain.</udom></attrdomv></attr><attr xmlns=""><attrlabl Sync="TRUE">OPSTFIPS</attrlabl><attalias Sync="TRUE">OPSTFIPS</attalias><attrtype Sync="TRUE">String</attrtype><attwidth Sync="TRUE">2</attwidth><atprecis Sync="TRUE">0</atprecis><attscale Sync="TRUE">0</attscale><attrdef>LEA reported operating state</attrdef><attrdefs>Local Education Agency</attrdefs><attrdomv><codesetd xmlns=""><codesetn>National Standard Codes (ANSI INCITS 38-2009), Federal Information Processing Series (FIPS) - States/State Equivalents</codesetn><codesets>U.S. Census Bureau</codesets></codesetd></attrdomv></attr><attr xmlns=""><attrlabl Sync="TRUE">STREET</attrlabl><attalias Sync="TRUE">STREET</attalias><attrtype Sync="TRUE">String</attrtype><attwidth Sync="TRUE">44</attwidth><atprecis Sync="TRUE">0</atprecis><attscale Sync="TRUE">0</attscale><attrdef>Reported location address</attrdef><attrdefs>Local Education Agency</attrdefs><attrdomv><udom>This data is represented as reported in the Common Core of Data, and as such does not necessarily fall into any particular specified domain.</udom></attrdomv></attr><attr xmlns=""><attrlabl Sync="TRUE">CITY</attrlabl><attalias Sync="TRUE">CITY</attalias><attrtype Sync="TRUE">String</attrtype><attwidth Sync="TRUE">25</attwidth><atprecis Sync="TRUE">0</atprecis><attscale Sync="TRUE">0</attscale><attrdef>Reported location city</attrdef><attrdefs>Local Education Agency</attrdefs><attrdomv><udom>This data is represented as reported in the Common Core of Data, and as such does not necessarily fall into any particular specified domain.</udom></attrdomv></attr><attr xmlns=""><attrlabl Sync="TRUE">STATE</attrlabl><attalias Sync="TRUE">STATE</attalias><attrtype Sync="TRUE">String</attrtype><attwidth Sync="TRUE">2</attwidth><atprecis Sync="TRUE">0</atprecis><attscale Sync="TRUE">0</attscale><attrdef>Reported location state</attrdef><attrdefs>Local Education Agency</attrdefs><attrdomv><udom>This data is represented as reported in the Common Core of Data and is not corrected by EDGE if it falls outside of the universe of United States state and territory codes.</udom></attrdomv></attr><attr xmlns=""><attrlabl Sync="TRUE">ZIP</attrlabl><attalias Sync="TRUE">ZIP</attalias><attrtype Sync="TRUE">String</attrtype><attwidth Sync="TRUE">254</attwidth><atprecis Sync="TRUE">0</atprecis><attscale Sync="TRUE">0</attscale><attrdef>Reported location ZIP code</attrdef><attrdefs>Local Education Agency</attrdefs><attrdomv><udom>This data is represented as reported in the Common Core of Data and is not corrected by EDGE if it falls outside of the universe of United States state and territory codes.</udom></attrdomv></attr><attr xmlns=""><attrlabl Sync="TRUE">STFIP</attrlabl><attalias Sync="TRUE">STFIP</attalias><attrtype Sync="TRUE">String</attrtype><attwidth Sync="TRUE">2</attwidth><atprecis Sync="TRUE">0</atprecis><attscale Sync="TRUE">0</attscale><attrdef>Location State FIPS code</attrdef><attrdefs>U.S. Census Bureau</attrdefs><attrdomv><codesetd xmlns=""><codesetn>National Standard Codes (ANSI INCITS 38-2009), Federal Information Processing Series (FIPS) - States/State Equivalent</codesetn><codesets>U.S. Census Bureau</codesets></codesetd></attrdomv></attr><attr xmlns=""><attrlabl Sync="TRUE">CNTY</attrlabl><attalias Sync="TRUE">CNTY</attalias><attrtype Sync="TRUE">String</attrtype><attwidth Sync="TRUE">5</attwidth><atprecis Sync="TRUE">0</atprecis><attscale Sync="TRUE">0</attscale><attrdef>County FIPS code</attrdef><attrdefs>U.S. Census Bureau</attrdefs><attrdomv><codesetd xmlns=""><codesetn>National Standard Codes (ANSI INCITS 31-2009), Federal Information Processing Series (FIPS) - Counties/County Equivalents</codesetn><codesets>U.S. Census Bureau</codesets></codesetd></attrdomv></attr><attr xmlns=""><attrlabl Sync="TRUE">NMCNTY</attrlabl><attalias Sync="TRUE">NMCNTY</attalias><attrtype Sync="TRUE">String</attrtype><attwidth Sync="TRUE">100</attwidth><atprecis Sync="TRUE">0</atprecis><attscale Sync="TRUE">0</attscale><attrdef>Current name and the translated legal/statistical area description for county</attrdef><attrdefs>U.S. Census Bureau</attrdefs><attrvai><attrva>The NMCNTY attribute is a concatenation of the county name followed by the translated legal/statistical area description</attrva></attrvai><attrdomv><codesetd xmlns=""><codesetn>National Standard Codes (ANSI INCITS 31-2009), Federal Information Processing Series (FIPS) - Counties/County Equivalents</codesetn><codesets>U.S. Census Bureau</codesets></codesetd></attrdomv></attr><attr xmlns=""><attrlabl Sync="TRUE">LAT</attrlabl><attalias Sync="TRUE">LAT</attalias><attrtype Sync="TRUE">Double</attrtype><attwidth Sync="TRUE">11</attwidth><atprecis Sync="TRUE">10</atprecis><attscale Sync="TRUE">6</attscale><attrdef>Latitude of LEA office location</attrdef><attrdefs>U.S. Census Bureau</attrdefs><attrdomv><rdom xmlns=""><rdommin>-90</rdommin><rdommax>90</rdommax></rdom></attrdomv></attr><attr xmlns=""><attrlabl Sync="TRUE">LON</attrlabl><attalias Sync="TRUE">LON</attalias><attrtype Sync="TRUE">Double</attrtype><attwidth Sync="TRUE">12</attwidth><atprecis Sync="TRUE">11</atprecis><attscale Sync="TRUE">6</attscale><attrdef>Longitude of LEA office location</attrdef><attrdefs>U.S. Census Bureau</attrdefs><attrdomv><rdom xmlns=""><rdommin>-180</rdommin><rdommax>180</rdommax></rdom></attrdomv></attr><attr xmlns=""><attrlabl Sync="TRUE">CBSA</attrlabl><attalias Sync="TRUE">CBSA</attalias><attrtype Sync="TRUE">String</attrtype><attwidth Sync="TRUE">5</attwidth><atprecis Sync="TRUE">0</atprecis><attscale Sync="TRUE">0</attscale><attrdef>Current metropolitan/micropolitan statistical area code</attrdef><attrdefs>Office of Management and Budget</attrdefs><attrvai><attrva>A value of N indicates that the school is not in a CBSA</attrva></attrvai><attrdomv><rdom xmlns=""><rdommin>10000</rdommin><rdommax>49999</rdommax></rdom></attrdomv></attr><attr xmlns=""><attrlabl Sync="TRUE">NMCBSA</attrlabl><attalias Sync="TRUE">NMCBSA</attalias><attrtype Sync="TRUE">String</attrtype><attwidth Sync="TRUE">100</attwidth><atprecis Sync="TRUE">0</atprecis><attscale Sync="TRUE">0</attscale><attrdef>Current metropolitan/micropolitan statistical area name</attrdef><attrdefs>Office of Management and Budget</attrdefs><attrvai><attrva>A value of N indicates that the school is not located in a CBSA</attrva></attrvai><attrdomv><udom>CBSA names are defined by the Office of Management and Budget and updated periodically</udom></attrdomv></attr><attr xmlns=""><attrlabl Sync="TRUE">CBSATYPE</attrlabl><attalias Sync="TRUE">CBSATYPE</attalias><attrtype Sync="TRUE">String</attrtype><attwidth Sync="TRUE">1</attwidth><atprecis Sync="TRUE">0</atprecis><attscale Sync="TRUE">0</attscale><attrdef>Current metropolitan/micropolitan status indicator</attrdef><attrdefs>U.S. Census Bureau</attrdefs><attrdomv><edom xmlns=""><edomv>1</edomv><edomvd>Metropolitan</edomvd><edomvds>U.S. Census Bureau</edomvds></edom><edom xmlns=""><edomv>2</edomv><edomvd>Micropolitan</edomvd><edomvds>U.S. Census Bureau</edomvds></edom><edom xmlns=""><edomv>0</edomv><edomvd>Not in a Metropolitan or Micropolitan Statistical Area</edomvd><edomvds>U.S. Census Bureau</edomvds></edom></attrdomv></attr><attr xmlns=""><attrlabl Sync="TRUE">CSA</attrlabl><attalias Sync="TRUE">CSA</attalias><attrtype Sync="TRUE">String</attrtype><attwidth Sync="TRUE">3</attwidth><atprecis Sync="TRUE">0</atprecis><attscale Sync="TRUE">0</attscale><attrdef>Current combined statistical area code</attrdef><attrdefs>Office of Management and Budget</attrdefs><attrvai><attrva>A value of N indicates that the school is not located in a CSA</attrva></attrvai><attrdomv><rdom xmlns=""><rdommin>100</rdommin><rdommax>599</rdommax></rdom></attrdomv></attr><attr xmlns=""><attrlabl Sync="TRUE">NMCSA</attrlabl><attalias Sync="TRUE">NMCSA</attalias><attrtype Sync="TRUE">String</attrtype><attwidth Sync="TRUE">100</attwidth><atprecis Sync="TRUE">0</atprecis><attscale Sync="TRUE">0</attscale><attrdef>Current combined statistical area name</attrdef><attrdefs>Office of Management and Budget</attrdefs><attrvai><attrva>A value of N indicates that the school is not located in a CSA</attrva></attrvai><attrdomv><udom>CSA names are defined by the Office of Management and Budget and updated periodically</udom></attrdomv></attr><attr xmlns=""><attrlabl Sync="TRUE">CD</attrlabl><attalias Sync="TRUE">CD</attalias><attrtype Sync="TRUE">String</attrtype><attwidth Sync="TRUE">4</attwidth><atprecis Sync="TRUE">0</atprecis><attscale Sync="TRUE">0</attscale><attrdef>119th Congressional District identifier, a concatenation of state FIPS code and the 119th Congressional District FIPS code</attrdef><attrdefs>U.S. Census Bureau</attrdefs><attrdomv><codesetd xmlns=""><codesetn>The CD attribute is a concatenation of the state FIPS code followed by the CD FIPS code. No spaces are allowed between the two codes. The State FIPS code is taken from "National Standard Codes (ANSI INCITS 38-2009), Federal Information Processing Series (FIPS) - States." The CD FIPS code is taken from "National Standard Codes (ANSI INCITS 455-2009), Federal Information Processing Series (FIPS) - Congressional Districts."</codesetn><codesets>U.S. Census Bureau</codesets></codesetd></attrdomv></attr><attr xmlns=""><attrlabl Sync="TRUE">SLDL</attrlabl><attalias Sync="TRUE">SLDL</attalias><attrtype Sync="TRUE">String</attrtype><attwidth Sync="TRUE">5</attwidth><atprecis Sync="TRUE">0</atprecis><attscale Sync="TRUE">0</attscale><attrdef>State legislative district (lower chamber) identifier, a concatenation of state FIPS code and the SLDL code</attrdef><attrdefs>U.S. Census Bureau</attrdefs><attrvai><attrva>A value of N indicates that SLDL is Not Applicable for this school</attrva></attrvai><attrdomv><codesetd xmlns=""><codesetn>The SLDL attribute is a concatenation of the state FIPS code followed by the SLDL code. The state FIPS code is taken from "National Standard Codes (ANSI INCITS 38-2009), Federal Information Processing Series (FIPS) - States." The SLDL code consists of any ASCII alphabetic or numeric character combination plus hyphens. A code of ZZZ represents a state legislative district (lower chamber) that has not been defined.</codesetn><codesets>U.S. Census Bureau</codesets></codesetd></attrdomv></attr><attr xmlns=""><attrlabl Sync="TRUE">SLDU</attrlabl><attalias Sync="TRUE">SLDU</attalias><attrtype Sync="TRUE">String</attrtype><attwidth Sync="TRUE">5</attwidth><atprecis Sync="TRUE">0</atprecis><attscale Sync="TRUE">0</attscale><attrdef>State legislative district (upper chamber) identifier, a concatenation of state FIPS code and the SLDU code</attrdef><attrdefs>U.S. Census Bureau</attrdefs><attrvai><attrva>A value of N indicates that SLDU is Not Applicable for this school</attrva></attrvai><attrdomv><codesetd xmlns=""><codesetn>The SLDU attribute is a concatenation of the state FIPS code followed by the SLDU code. The state FIPS code is taken from "National Standard Codes (ANSI INCITS 38-2009), Federal Information Processing Series (FIPS) - States." The SLDU code consists of any ASCII alphabetic or numeric character combination plus hyphens. A code of ZZZ represents a state legislative district (upper chamber) that has not been defined.</codesetn><codesets>U.S. Census Bureau</codesets></codesetd></attrdomv></attr><attr xmlns=""><attrlabl Sync="TRUE">SCHOOLYEAR</attrlabl><attalias Sync="TRUE">SCHOOLYEAR</attalias><attrtype Sync="TRUE">String</attrtype><attwidth Sync="TRUE">9</attwidth><atprecis Sync="TRUE">0</atprecis><attscale Sync="TRUE">0</attscale><attrdef>School academic year</attrdef><attrdefs>National Center for Education Statistics</attrdefs><attrdomv><edom xmlns=""><edomv>2024-2025</edomv><edomvd>2024-2025 School Year</edomvd><edomvds>National Center for Education Statistics</edomvds></edom></attrdomv></attr><attr xmlns=""><attrlabl Sync="TRUE">LOCALE</attrlabl><attalias Sync="TRUE">LOCALE</attalias><attrtype Sync="TRUE">String</attrtype><attwidth Sync="TRUE">2</attwidth><atprecis Sync="TRUE">0</atprecis><attscale Sync="TRUE">0</attscale><attrdef>NCES Locale Code</attrdef><attrdefs>National Center for Education Statistics, U.S. Census Bureau</attrdefs><attrdomv><edom xmlns=""><edomv>11</edomv><edomvds>National Center for Education Statistics</edomvds><edomvd>City, Large</edomvd></edom><edom xmlns=""><edomv>12</edomv><edomvds>National Center for Education Statistics</edomvds><edomvd>City, Midsize</edomvd></edom><edom xmlns=""><edomv>13</edomv><edomvds>National Center for Education Statistics</edomvds><edomvd>City, Small</edomvd></edom><edom xmlns=""><edomv>21</edomv><edomvds>National Center for Education Statistics</edomvds><edomvd>Suburban, Large</edomvd></edom><edom xmlns=""><edomv>22</edomv><edomvds>National Center for Education Statistics</edomvds><edomvd>Suburban, Midsize</edomvd></edom><edom xmlns=""><edomv>23</edomv><edomvds>National Center for Education Statistics</edomvds><edomvd>Suburban, Small</edomvd></edom><edom xmlns=""><edomv>31</edomv><edomvds>National Center for Education Statistics</edomvds><edomvd>Town, Fringe</edomvd></edom><edom xmlns=""><edomv>32</edomv><edomvds>National Center for Education Statistics</edomvds><edomvd>Town, Distant</edomvd></edom><edom xmlns=""><edomv>33</edomv><edomvds>National Center for Education Statistics</edomvds><edomvd>Town, Remote</edomvd></edom><edom xmlns=""><edomv>41</edomv><edomvds>National Center for Education Statistics</edomvds><edomvd>Rural, Fringe</edomvd></edom><edom xmlns=""><edomv>42</edomv><edomvds>National Center for Education Statistics</edomvds><edomvd>Rural, Distant</edomvd></edom><edom xmlns=""><edomv>43</edomv><edomvds>National Center for Education Statistics</edomvds><edomvd>Rural, Remote</edomvd></edom></attrdomv></attr><attr xmlns=""><attrlabl Sync="TRUE">PCT_CITY11</attrlabl><attalias Sync="TRUE">PCT_CITY11</attalias><attrtype Sync="TRUE">Double</attrtype><attwidth Sync="TRUE">17</attwidth><atprecis Sync="TRUE">16</atprecis><attscale Sync="TRUE">4</attscale><attrdef>Percent of district's enrolled students attending schools in Locale 11 (City, Large)</attrdef><attrdefs>National Center for Education Statistics</attrdefs><attrvai><attrva>A value of -2 indicates the agency does not operate any schools and therefore this field is Not Applicable</attrva></attrvai><attrdomv><rdom xmlns=""><rdommin>0</rdommin><rdommax>100</rdommax></rdom></attrdomv></attr><attr xmlns=""><attrlabl Sync="TRUE">PCT_CITY12</attrlabl><attalias Sync="TRUE">PCT_CITY12</attalias><attrtype Sync="TRUE">Double</attrtype><attwidth Sync="TRUE">17</attwidth><atprecis Sync="TRUE">16</atprecis><attscale Sync="TRUE">4</attscale><attrdef>Percent of district's enrolled students attending schools in Locale 12 (City, Midsize)</attrdef><attrdefs>National Center for Education Statistics</attrdefs><attrvai><attrva>A value of -2 indicates the agency does not operate any schools and therefore this field is Not Applicable</attrva></attrvai><attrdomv><rdom xmlns=""><rdommin>0</rdommin><rdommax>100</rdommax></rdom></attrdomv></attr><attr xmlns=""><attrlabl Sync="TRUE">PCT_CITY13</attrlabl><attalias Sync="TRUE">PCT_CITY13</attalias><attrtype Sync="TRUE">Double</attrtype><attwidth Sync="TRUE">17</attwidth><atprecis Sync="TRUE">16</atprecis><attscale Sync="TRUE">4</attscale><attrdef>Percent of district's enrolled students attending schools in Locale 13 (City, Small)</attrdef><attrdefs>National Center for Education Statistics</attrdefs><attrvai><attrva>A value of -2 indicates the agency does not operate any schools and therefore this field is Not Applicable</attrva></attrvai><attrdomv><rdom xmlns=""><rdommin>0</rdommin><rdommax>100</rdommax></rdom></attrdomv></attr><attr xmlns=""><attrlabl Sync="TRUE">PCT_SUB21</attrlabl><attalias Sync="TRUE">PCT_SUB21</attalias><attrtype Sync="TRUE">Double</attrtype><attwidth Sync="TRUE">17</attwidth><atprecis Sync="TRUE">16</atprecis><attscale Sync="TRUE">4</attscale><attrdefs>National Center for Education Statistics</attrdefs><attrdomv><rdom xmlns=""><rdommin>0</rdommin><rdommax>100</rdommax></rdom></attrdomv><attrdef>Percent of district's enrolled students attending schools in Locale 21 (Suburban, Large)</attrdef><attrvai><attrva>A value of -2 indicates the agency does not operate any schools and therefore this field is Not Applicable</attrva></attrvai></attr><attr xmlns=""><attrlabl Sync="TRUE">PCT_SUB22</attrlabl><attalias Sync="TRUE">PCT_SUB22</attalias><attrtype Sync="TRUE">Double</attrtype><attwidth Sync="TRUE">17</attwidth><atprecis Sync="TRUE">16</atprecis><attscale Sync="TRUE">4</attscale><attrdefs>National Center for Education Statistics</attrdefs><attrdomv><rdom xmlns=""><rdommin>0</rdommin><rdommax>100</rdommax></rdom></attrdomv><attrdef>Percent of district's enrolled students attending schools in Locale 22 (Suburban, Midsize)</attrdef><attrvai><attrva>A value of -2 indicates the agency does not operate any schools and therefore this field is Not Applicable</attrva></attrvai></attr><attr xmlns=""><attrlabl Sync="TRUE">PCT_SUB23</attrlabl><attalias Sync="TRUE">PCT_SUB23</attalias><attrtype Sync="TRUE">Double</attrtype><attwidth Sync="TRUE">17</attwidth><atprecis Sync="TRUE">16</atprecis><attscale Sync="TRUE">4</attscale><attrdefs>National Center for Education Statistics</attrdefs><attrdomv><rdom xmlns=""><rdommin>0</rdommin><rdommax>100</rdommax></rdom></attrdomv><attrdef>Percent of district's enrolled students attending schools in Locale 23 (Suburban, Small)</attrdef><attrvai><attrva>A value of -2 indicates the agency does not operate any schools and therefore this field is Not Applicable</attrva></attrvai></attr><attr xmlns=""><attrlabl Sync="TRUE">PCT_TOWN31</attrlabl><attalias Sync="TRUE">PCT_TOWN31</attalias><attrtype Sync="TRUE">Double</attrtype><attwidth Sync="TRUE">17</attwidth><atprecis Sync="TRUE">16</atprecis><attscale Sync="TRUE">4</attscale><attrdefs>National Center for Education Statistics</attrdefs><attrdomv><rdom xmlns=""><rdommin>0</rdommin><rdommax>100</rdommax></rdom></attrdomv><attrdef>Percent of district's enrolled students attending schools in Locale 31 (Town, Fringe)</attrdef><attrvai><attrva>A value of -2 indicates the agency does not operate any schools and therefore this field is Not Applicable</attrva></attrvai></attr><attr xmlns=""><attrlabl Sync="TRUE">PCT_TOWN32</attrlabl><attalias Sync="TRUE">PCT_TOWN32</attalias><attrtype Sync="TRUE">Double</attrtype><attwidth Sync="TRUE">17</attwidth><atprecis Sync="TRUE">16</atprecis><attscale Sync="TRUE">4</attscale><attrdefs>National Center for Education Statistics</attrdefs><attrdomv><rdom xmlns=""><rdommin>0</rdommin><rdommax>100</rdommax></rdom></attrdomv><attrdef>Percent of district's enrolled students attending schools in Locale 32 (Town, Distant)</attrdef><attrvai><attrva>A value of -2 indicates the agency does not operate any schools and therefore this field is Not Applicable</attrva></attrvai></attr><attr xmlns=""><attrlabl Sync="TRUE">PCT_TOWN33</attrlabl><attalias Sync="TRUE">PCT_TOWN33</attalias><attrtype Sync="TRUE">Double</attrtype><attwidth Sync="TRUE">17</attwidth><atprecis Sync="TRUE">16</atprecis><attscale Sync="TRUE">4</attscale><attrdefs>National Center for Education Statistics</attrdefs><attrdomv><rdom xmlns=""><rdommin>0</rdommin><rdommax>100</rdommax></rdom></attrdomv><attrdef>Percent of district's enrolled students attending schools in Locale 33 (Town, Remote)</attrdef><attrvai><attrva>A value of -2 indicates the agency does not operate any schools and therefore this field is Not Applicable</attrva></attrvai></attr><attr xmlns=""><attrlabl Sync="FALSE">PCTRURAL41</attrlabl><attalias Sync="FALSE">PCTRURAL41</attalias><attrtype Sync="TRUE">Double</attrtype><attwidth Sync="TRUE">17</attwidth><atprecis Sync="TRUE">16</atprecis><attscale Sync="TRUE">4</attscale><attrdefs>National Center for Education Statistics</attrdefs><attrdomv><rdom xmlns=""><rdommin>0</rdommin><rdommax>100</rdommax></rdom></attrdomv><attrdef>Percent of district's enrolled students attending schools in Locale 41 (Rural, Fringe)</attrdef><attrvai><attrva>A value of -2 indicates the agency does not operate any schools and therefore this field is Not Applicable</attrva></attrvai></attr><attr xmlns=""><attrlabl Sync="FALSE">PCTRURAL42</attrlabl><attalias Sync="FALSE">PCTRURAL42</attalias><attrtype Sync="TRUE">Double</attrtype><attwidth Sync="TRUE">17</attwidth><atprecis Sync="TRUE">16</atprecis><attscale Sync="TRUE">4</attscale><attrdefs>National Center for Education Statistics</attrdefs><attrdomv><rdom xmlns=""><rdommin>0</rdommin><rdommax>100</rdommax></rdom></attrdomv><attrdef>Percent of district's enrolled students attending schools in Locale 42 (Rural, Distant)</attrdef><attrvai><attrva>A value of -2 indicates the agency does not operate any schools and therefore this field is Not Applicable</attrva></attrvai></attr><attr xmlns=""><attrlabl Sync="FALSE">PCTRURAL43</attrlabl><attalias Sync="FALSE">PCTRURAL43</attalias><attrtype Sync="TRUE">Double</attrtype><attwidth Sync="TRUE">17</attwidth><atprecis Sync="TRUE">16</atprecis><attscale Sync="TRUE">4</attscale><attrdefs>National Center for Education Statistics</attrdefs><attrdomv><rdom xmlns=""><rdommin>0</rdommin><rdommax>100</rdommax></rdom></attrdomv><attrdef>Percent of district's enrolled students attending schools in Locale 43 (Rural, Remote)</attrdef><attrvai><attrva>A value of -2 indicates the agency does not operate any schools and therefore this field is Not Applicable</attrva></attrvai></attr></detailed></eainfo><mdDateSt Sync="TRUE">20251203</mdDateSt><mdContact xmlns=""><rpIndName>Chris Greene</rpIndName><rpOrgName>National Center for Education Statistics</rpOrgName><rpPosName>Administrative Data Division</rpPosName><role><RoleCd value="006"/></role><rpCntInfo><cntAddress addressType="postal"><delPoint>550 12th St SW, #4038</delPoint><city>Washington</city><adminArea>DC</adminArea><postCode>20202</postCode><eMailAdd>chris.greene@ed.gov</eMailAdd><country>US</country></cntAddress><cntPhone><voiceNum tddtty="">202-453-5926</voiceNum></cntPhone></rpCntInfo><displayName>Chris Greene</displayName></mdContact><mdMaint xmlns=""><maintFreq><MaintFreqCd value="008"/></maintFreq></mdMaint><dqInfo xmlns=""><report type="DQConcConsis" dimension="" xmlns=""><measDesc>EDGE performed automated tests to ensure logical consistency and limits of the shapefiles. Standard geographic codes, such as FIPS codes for states, counties, state legislative districts, and congressional districts are used when encoding spatial entities. EDGE performed spatial data tests for logical consistency of the codes during the creation of the shapefiles. Most of the codes for geographic entities except states, counties, Core Based Statistical Areas (CBSAs), Combined Statistical Areas (CSAs), New England City and Town Areas (NECTAs), state legislative districts, and congressional districts were provided to the Census Bureau by the USGS, the agency responsible for maintaining the Geographic Names Information System (GNIS). Feature attribute information has been examined but has not been fully tested for consistency.</measDesc></report><report type="DQCompOm" dimension="" xmlns=""><measDesc>Data completeness of the CCD agency shapefiles reflects the contents of the CCD universe at the time the shapefile was created.</measDesc></report><dataLineage><statement>Work and maintenance done by the Census Bureau on behalf of the National Center for Education Statistics</statement><prcStep xmlns=""><stepDesc>Run SAS scripts to perform spatial data tests for logical consistency of the codes during the creation of the shapefiles.</stepDesc><stepDateTm>2025-12-03T00:00:00</stepDateTm></prcStep></dataLineage></dqInfo></metadata>
